Workbook

Sheet Test Case
A1: No | B1: Module | C1: Test Case ID | D1: Test Case Name | E1: Priority | F1: Precondition | G1: Test Step | H1: Expected Result | I1: Type | J1: Status | K1: Test Proof
A2: 1 | B2: Autentikasi | C2: TC-AUTH-001 | D2: Verifikasi login dengan Username & Password admin valid | E2: P1 | F2: Admin memiliki kredensial default (Username & Password) yang sudah di-set di sistem | G2: 1. Buka URL sistem (halaman pertama adalah Login) 2. Input Username & Password valid 3. Klik tombol Login | H2: Login berhasil, admin diarahkan ke Dashboard dengan 3 menu utama (Master Data, Penjadwalan, Hasil) | I2: Manual | J2: Not Tested | K2: -
A3: 2 | B3: Autentikasi | C3: TC-AUTH-002 | D3: Verifikasi login gagal dengan Password salah | E3: P1 | F3: Admin berada di halaman login | G3: 1. Input Username valid & Password salah 2. Klik tombol Login | H3: Sistem menolak login dan menampilkan pesan error | I3: Automation | J3: Not Tested | K3: -
A4: 3 | B4: Autentikasi | C4: TC-AUTH-003 | D4: Verifikasi login gagal dengan Username tidak terdaftar | E4: P1 | F4: Admin berada di halaman login | G4: 1. Input Username yang tidak terdaftar 2. Input Password apapun 3. Klik tombol Login | H4: Sistem menolak login, tidak masuk ke Dashboard | I4: Automation | J4: Not Tested | K4: -
A5: 4 | B5: Autentikasi | C5: TC-AUTH-004 | D5: Verifikasi validasi field kosong saat submit login | E5: P2 | F5: Admin berada di halaman login | G5: 1. Kosongkan field Username dan/atau Password 2. Klik tombol Login | H5: Sistem menampilkan validasi field wajib diisi, tidak memproses login | I5: Automation | J5: Not Tested | K5: -
A6: 5 | B6: Autentikasi | C6: TC-AUTH-005 | D6: Verifikasi akses langsung ke Dashboard tanpa login (session guard) | E6: P0 | F6: Belum ada sesi login aktif | G6: 1. Akses langsung URL Dashboard/menu internal tanpa login | H6: Sistem redirect ke halaman Login (ASUMSI: perlu konfirmasi ke BE mekanisme session/route guard) | I6: Manual | J6: Not Tested | K6: -
A7: 6 | B7: Autentikasi | C7: TC-AUTH-006 | D7: Verifikasi kredensial admin bersifat default/tunggal (tidak ada self-register) | E7: P3 | F7: Admin berada di halaman login | G7: 1. Amati halaman login | H7: Tidak ada menu/link Daftar atau Register (ASUMSI: perlu konfirmasi apakah kredensial admin hardcoded seperti MVP awal atau sudah dinamis) | I7: Manual | J7: Not Tested | K7: -
A8: 7 | B8: Autentikasi | C8: TC-AUTH-007 | D8: Verifikasi field Password ter-mask (tidak menampilkan karakter plain text) | E8: P2 | F8: Admin berada di halaman login | G8: 1. Klik/isi field Password | H8: Karakter yang diketik ditampilkan sebagai titik/bintang (masked), bukan teks biasa | I8: Automation | J8: Not Tested | K8: -
A9: 8 | B9: Autentikasi | C9: TC-AUTH-008 | D9: Verifikasi fungsi Logout mengakhiri sesi | E9: P1 | F9: Admin sudah login dan berada di Dashboard | G9: 1. Klik tombol/menu Logout | H9: Sesi admin berakhir dan sistem redirect ke halaman Login | I9: Manual | J9: Not Tested | K9: -
A10: 9 | B10: Autentikasi | C10: TC-AUTH-009 | D10: Verifikasi halaman internal tidak bisa diakses via tombol Back setelah Logout | E10: P1 | F10: Admin baru saja Logout | G10: 1. Klik tombol Back pada browser untuk kembali ke halaman Dashboard | H10: Sistem tidak menampilkan Dashboard dari cache; tetap redirect/minta login ulang (ASUMSI: perlu konfirmasi cache-control header di BE) | I10: Manual | J10: Not Tested | K10: -
A11: 10 | B11: Autentikasi | C11: TC-AUTH-010 | D11: Verifikasi leading/trailing whitespace pada Username tidak menyebabkan login valid gagal | E11: P3 | F11: Admin punya kredensial valid | G11: 1. Input Username dengan spasi tambahan di awal/akhir (mis. ' admin ') & Password benar 2. Klik Login | H11: Sistem tetap berhasil login jika whitespace di-trim otomatis (ASUMSI: perlu konfirmasi apakah BE melakukan trim) | I11: Manual | J11: Not Tested | K11: -
A12: 11 | B12: Master Data | C12: TC-PERIODE-001 | D12: Verifikasi kondisi awal saat belum ada Periode Akademik | E12: P1 | F12: Belum ada data Periode Akademik sama sekali di sistem | G12: 1. Admin login dan buka menu Master Data > Periode Akademik | H12: Halaman menampilkan kondisi kosong (belum ada periode tersedia) dan mengarahkan admin untuk Tambah Periode Akademik | I12: Manual | J12: Not Tested | K12: -
A13: 12 | B13: Master Data | C13: TC-PERIODE-002 | D13: Verifikasi tambah Periode Akademik pertama (mulai dari kosong) | E13: P0 | F13: Belum ada Periode Akademik sebelumnya | G13: 1. Klik Tambah Periode Akademik 2. Isi Awal Tahun Ajaran (mis. 2026), pilih Semester (Ganjil/Genap), Deskripsi (opsional) 3. Pilih opsi 'Mulai dari kosong' 4. Klik Simpan | H13: Periode baru tersimpan (mis. 2026/2027 - Ganjil) dan muncul di daftar Periode Akademik | I13: Manual | J13: Not Tested | K13: -
... A85: 84 | B85: Laporan | C85: TC-LAPORAN-012 | D85: Verifikasi export tetap berhasil saat data Jadwal berjumlah besar | E85: P3 | F85: Ada data Jadwal dalam jumlah besar (mis. puluhan/ratusan baris) pada satu periode | G85: 1. Export salah satu jenis Hasil dengan data besar tsb | H85: Proses export tetap berhasil tanpa timeout/error, seluruh data ter-cover di file Excel (ASUMSI: perlu data uji volume besar dari tim) | I85: Manual | J85: Not Tested | K85: -
A87: Catatan: Baris di atas adalah test case SIMATKUL v3 (lengkap: functional + validasi field + UI checking + edge case) (Modul Autentikasi, Master Data [termasuk Periode Akademik, Kurikulum, Ruangan, Dosen, Kelas, Sesi], Penjadwalan, Laporan). Baris berwarna kuning menandakan asumsi yang PERLU dikonfirmasi ke tim BE/FE/PM sebelum eksekusi testing (termasuk mekanisme token export & template Excel resmi yang belum diterima). Kolom Priority, Type & Status memakai dropdown. Bisa menambah baris baru sampai baris 300, otomatis terhitung di sheet Recap Test Case & Dashboard.

Sheet API Test Case
A1: No | B1: Module | C1: Test Case ID | D1: Test Case Name | E1: Priority | F1: Precondition | G1: Test Step | H1: Expected Result | I1: Type | J1: Status | K1: Test Proof
A2: 1 | B2: Autentikasi | C2: TC-API-AUTH-001 | D2: POST /auth/login - kredensial valid | E2: P0 | F2: Endpoint auth login tersedia (ASUMSI path: POST /api/auth/login) | G2: 1. Kirim request POST dengan body {username, password} valid 2. Amati response | H2: Status 200 OK, response berisi token/session valid (ASUMSI struktur response - perlu kontrak API resmi) | I2: API | J2: Not Tested | K2: -
A3: 2 | B3: Autentikasi | C3: TC-API-AUTH-002 | D3: POST /auth/login - password salah | E3: P1 | F3: Endpoint auth login tersedia | G3: 1. Kirim request dengan username valid & password salah | H3: Status 401 Unauthorized, response berisi pesan error, tidak ada token dikembalikan | I3: API | J3: Not Tested | K3: -
A4: 3 | B4: Autentikasi | C4: TC-API-AUTH-003 | D4: POST /auth/login - username tidak terdaftar | E4: P1 | F4: Endpoint auth login tersedia | G4: 1. Kirim request dengan username yang tidak ada di database | H4: Status 401/404 (ASUMSI kode pastinya), tidak ada token dikembalikan | I4: API | J4: Not Tested | K4: -
A5: 4 | B5: Autentikasi | C5: TC-API-AUTH-004 | D5: POST /auth/login - body request tidak lengkap | E5: P2 | F5: Endpoint auth login tersedia | G5: 1. Kirim request tanpa field password atau username | H5: Status 400 Bad Request dengan pesan validasi field wajib | I5: API | J5: Not Tested | K5: -
A6: 5 | B6: Autentikasi | C6: TC-API-AUTH-005 | D6: Akses endpoint protected tanpa token/Authorization header | E6: P0 | F6: Ada endpoint yang butuh autentikasi (mis. GET /api/periode) | G6: 1. Kirim request ke endpoint protected tanpa header Authorization | H6: Status 401 Unauthorized, request ditolak | I6: API | J6: Not Tested | K6: -
A7: 6 | B7: Autentikasi | C7: TC-API-AUTH-006 | D7: Akses endpoint protected dengan token expired/invalid | E7: P1 | F7: Ada token yang sudah expired atau format tidak valid | G7: 1. Kirim request dengan token expired/invalid di header Authorization | H7: Status 401/403, request ditolak (ASUMSI mekanisme expiry token - perlu konfirmasi BE) | I7: API | J7: Not Tested | K7: -
A8: 7 | B8: Master Data | C8: TC-API-PERIODE-001 | D8: POST /periode - tambah periode valid | E8: P0 | F8: Admin punya token valid | G8: 1. Kirim POST dengan body {awalTahun, semester, deskripsi} 2. Amati response | H8: Status 201 Created, response berisi data periode baru termasuk akhirTahun ter-generate otomatis | I8: API | J8: Not Tested | K8: -
A9: 8 | B9: Master Data | C9: TC-API-PERIODE-002 | D9: POST /periode - duplikat tahun & semester | E9: P1 | F9: Sudah ada periode dengan tahun & semester yang sama | G9: 1. Kirim POST dengan payload identik ke periode existing | H9: Status 409 Conflict (ASUMSI kode - perlu konfirmasi rule uniqueness ke BE) | I9: API | J9: Not Tested | K9: -
A10: 9 | B10: Master Data | C10: TC-API-PERIODE-003 | D10: GET /periode - list semua periode | E10: P1 | F10: Admin punya token valid, ada data periode tersimpan | G10: 1. Kirim GET request tanpa parameter | H10: Status 200 OK, response berupa array periode akademik | I10: API | J10: Not Tested | K10: -
A11: 10 | B11: Master Data | C11: TC-API-PERIODE-004 | D11: DELETE /periode/:id - hapus periode & cascade | E11: P00 | F11: Periode X punya banyak data anak (kurikulum, jadwal, dst) | G11: 1. Kirim DELETE ke /periode/{id} 2. Cek endpoint terkait (kurikulum, jadwal, dll) untuk periode tsb setelah delete | H11: Status 200/204, dan seluruh data anak yang terkait periode tsb ikut terhapus dari database (verifikasi via GET endpoint lain) | I11: API | J11: Not Tested | K11: -
A12: 11 | B12: Master Data | C12: TC-API-KURIKULUM-001 | D12: POST /kurikulum - tambah data valid | E12: P0 | F12: Periode aktif sudah dipilih, admin punya token valid | G12: 1. Kirim POST dengan body lengkap (prodi, namaMK, kodeMK, semester, sks, tipeKelas, jenisMK, kelompok) | H12: Status 201 Created, data tersimpan dengan field sesuai yang dikirim | I12: API | J12: Not Tested | K12: -
A13: 12 | B13: Master Data | C13: TC-API-KURIKULUM-002 | D13: POST /kurikulum - Kode MK duplikat | E13: P1 | F13: Sudah ada Kurikulum dengan Kode MK yang sama pada periode yang sama | G13: 1. Kirim POST dengan Kode MK identik | H13: Status 409/400 (ASUMSI), response berisi pesan Kode MK sudah terdaftar | I13: API | J13: Not Tested | K13: -
... A30: 29 | B30: Laporan | C30: TC-API-LAPORAN-003 | D30: GET /laporan/jadwal-dosen - data sesuai periode aktif | E30: P0 | F30: Periode Akademik aktif dipilih, ada data jadwal | G30: 1. Kirim GET ke endpoint jadwal dosen dengan parameter periode & dosen tertentu | H30: Status 200 OK, response berisi data jadwal dosen yang sesuai dengan periode & dosen yang diminta | I30: API | J30: Not Tested | K30: -
A32: CATATAN PENTING: Seluruh test case di tab ini bersifat ASUMSI/DRAFT karena Kontrak API (task WBS #20) belum selesai/Not Started. Endpoint path, method, struktur request/response, dan kode status HTTP di sini adalah perkiraan berdasarkan flow fungsional yang sudah diketahui, BUKAN dari dokumen resmi BE. Wajib direvisi menyeluruh begitu tim BE membagikan kontrak API resmi (Swagger/Postman Collection/dokumen serupa). Kolom Priority & Status memakai dropdown. Bisa menambah baris baru sampai baris 300.

Sheet Bug Report
A1: No | B1: Bug ID | C1: Test Case ID | D1: Step | E1: Priority | F1: Expected Result | G1: Actual Result | H1: Proof | I1: Status
A2: Catatan: Sheet ini akan diisi saat bug ditemukan selama proses testing berjalan (BE/FE belum mulai development per WBS saat ini). Kolom Priority & Status memakai dropdown. Bisa menambah baris baru sampai baris 300, otomatis terhitung di sheet Recap Bug & Dashboard.

Sheet Dashboard
A1: Test Case & Bug Management Dashboard
A3: Total Test Case | C3: Passed | E3: Failed | G3: Blocked | I3: In Progress | K3: Not Tested | M3: Pass Rate
A4: =COUNTA('Test Case'!$C$2:$C$300) -> 84 | C4: =COUNTIF('Test Case'!$J$2:$J$300,"Passed") -> 0 | E4: =COUNTIF('Test Case'!$J$2:$J$300,"Failed") -> 0 | G4: =COUNTIF('Test Case'!$J$2:$J$300,"Blocked") -> 0 | I4: =COUNTIF('Test Case'!$J$2:$J$300,"In Progress") -> 0 | K4: =COUNTIF('Test Case'!$J$2:$J$300,"Not Tested") -> 84 | M4: =IFERROR(C4/A4,0) -> 0
A6: Total Bug | C6: Completed Bug | E6: Open Bug | G6: Critical Bug (P00+P0)
A7: =COUNTA('Bug Report'!$B$2:$B$300) -> 0 | C7: =COUNTIF('Bug Report'!$I$2:$I$300,"Completed") -> 0 | E7: =A7-C7 -> 0 | G7: =COUNTIF('Bug Report'!$E$2:$E$300,"P00")+COUNTIF('Bug Report'!$E$2:$E$300,"P0") -> 0

Sheet Recap Test Case
A1: Recap Test Case
A3: Test Coverage by Module
A4: Module | B4: Total TC | C4: Not Tested | D4: In Progress | E4: Failed | F4: Passed | G4: Blocked | H4: % Passed
A5: Autentikasi | B5: =COUNTIF('Test Case'!$B$2:$B$300,$A5) -> 10 | C5: =COUNTIFS('Test Case'!$B$2:$B$300,$A5,'Test Case'!$J$2:$J$300,"Not Tested") -> 10 | D5: =COUNTIFS('Test Case'!$B$2:$B$300,$A5,'Test Case'!$J$2:$J$300,"In Progress") -> 0 | E5: =COUNTIFS('Test Case'!$B$2:$B$300,$A5,'Test Case'!$J$2:$J$300,"Failed") -> 0 | F5: =COUNTIFS('Test Case'!$B$2:$B$300,$A5,'Test Case'!$J$2:$J$300,"Passed") -> 0 | G5: =COUNTIFS('Test Case'!$B$2:$B$300,$A5,'Test Case'!$J$2:$J$300,"Blocked") -> 0 | H5: =IFERROR(F5/B5,0) -> 0
A6: Master Data | B6: =COUNTIF('Test Case'!$B$2:$B$300,$A6) -> 46 | C6: =COUNTIFS('Test Case'!$B$2:$B$300,$A6,'Test Case'!$J$2:$J$300,"Not Tested") -> 46 | D6: =COUNTIFS('Test Case'!$B$2:$B$300,$A6,'Test Case'!$J$2:$J$300,"In Progress") -> 0 | E6: =COUNTIFS('Test Case'!$B$2:$B$300,$A6,'Test Case'!$J$2:$J$300,"Failed") -> 0 | F6: =COUNTIFS('Test Case'!$B$2:$B$300,$A6,'Test Case'!$J$2:$J$300,"Passed") -> 0 | G6: =COUNTIFS('Test Case'!$B$2:$B$300,$A6,'Test Case'!$J$2:$J$300,"Blocked") -> 0 | H6: =IFERROR(F6/B6,0) -> 0
A7: Penjadwalan | B7: =COUNTIF('Test Case'!$B$2:$B$300,$A7) -> 16 | C7: =COUNTIFS('Test Case'!$B$2:$B$300,$A7,'Test Case'!$J$2:$J$300,"Not Tested") -> 16 | D7: =COUNTIFS('Test Case'!$B$2:$B$300,$A7,'Test Case'!$J$2:$J$300,"In Progress") -> 0 | E7: =COUNTIFS('Test Case'!$B$2:$B$300,$A7,'Test Case'!$J$2:$J$300,"Failed") -> 0 | F7: =COUNTIFS('Test Case'!$B$2:$B$300,$A7,'Test Case'!$J$2:$J$300,"Passed") -> 0 | G7: =COUNTIFS('Test Case'!$B$2:$B$300,$A7,'Test Case'!$J$2:$J$300,"Blocked") -> 0 | H7: =IFERROR(F7/B7,0) -> 0
A8: Laporan | B8: =COUNTIF('Test Case'!$B$2:$B$300,$A8) -> 12 | C8: =COUNTIFS('Test Case'!$B$2:$B$300,$A8,'Test Case'!$J$2:$J$300,"Not Tested") -> 12 | D8: =COUNTIFS('Test Case'!$B$2:$B$300,$A8,'Test Case'!$J$2:$J$300,"In Progress") -> 0 | E8: =COUNTIFS('Test Case'!$B$2:$B$300,$A8,'Test Case'!$J$2:$J$300,"Failed") -> 0 | F8: =COUNTIFS('Test Case'!$B$2:$B$300,$A8,'Test Case'!$J$2:$J$300,"Passed") -> 0 | G8: =COUNTIFS('Test Case'!$B$2:$B$300,$A8,'Test Case'!$J$2:$J$300,"Blocked") -> 0 | H8: =IFERROR(F8/B8,0) -> 0
A9: TOTAL | B9: =SUM(B5:B8) -> 84 | C9: =SUM(C5:C8) -> 84 | D9: =SUM(D5:D8) -> 0 | E9: =SUM(E5:E8) -> 0 | F9: =SUM(F5:F8) -> 0 | G9: =SUM(G5:G8) -> 0 | H9: =IFERROR(F9/B9,0) -> 0
A11: Test Case by Status
A12: Status | B12: Count
A13: Not Tested | B13: =COUNTIF('Test Case'!$J$2:$J$300,"Not Tested") -> 84
A14: In Progress | B14: =COUNTIF('Test Case'!$J$2:$J$300,"In Progress") -> 0
A15: Failed | B15: =COUNTIF('Test Case'!$J$2:$J$300,"Failed") -> 0
A16: Passed | B16: =COUNTIF('Test Case'!$J$2:$J$300,"Passed") -> 0
A17: Blocked | B17: =COUNTIF('Test Case'!$J$2:$J$300,"Blocked") -> 0
A19: Test Case by Priority
A20: Priority | B20: Count
A21: P00 | B21: =COUNTIF('Test Case'!$E$2:$E$300,"P00") -> 5
A22: P0 | B22: =COUNTIF('Test Case'!$E$2:$E$300,"P0") -> 11
A23: P1 | B23: =COUNTIF('Test Case'!$E$2:$E$300,"P1") -> 39
A24: P2 | B24: =COUNTIF('Test Case'!$E$2:$E$300,"P2") -> 15
A25: P3 | B25: =COUNTIF('Test Case'!$E$2:$E$300,"P3") -> 14
A27: Test Case by Type (info tambahan)
A28: Type | B28: Count
A29: Manual | B29: =COUNTIF('Test Case'!$I$2:$I$300,"Manual") -> 60
A30: Automation | B30: =COUNTIF('Test Case'!$I$2:$I$300,"Automation") -> 24
A31: API | B31: =COUNTIF('Test Case'!$I$2:$I$300,"API") -> 0
A33: Semua angka di atas dihitung otomatis pakai formula (COUNTIF/COUNTIFS) dari sheet 'Test Case'. Tambah baris baru di 'Test Case' akan otomatis ter-update di sini.

Sheet Recap Bug
A1: Recap Bug
A3: Bug Distribution by Priority
A4: Priority | B4: Count
A5: P00 | B5: =COUNTIF('Bug Report'!$E$2:$E$300,"P00") -> 0
A6: P0 | B6: =COUNTIF('Bug Report'!$E$2:$E$300,"P0") -> 0
A7: P1 | B7: =COUNTIF('Bug Report'!$E$2:$E$300,"P1") -> 0
A8: P2 | B8: =COUNTIF('Bug Report'!$E$2:$E$300,"P2") -> 0
A9: P3 | B9: =COUNTIF('Bug Report'!$E$2:$E$300,"P3") -> 0
A11: Bug Distribution by Status
A12: Status | B12: Count
A13: Not Fixed | B13: =COUNTIF('Bug Report'!$I$2:$I$300,"Not Fixed") -> 0
A14: In Progress | B14: =COUNTIF('Bug Report'!$I$2:$I$300,"In Progress") -> 0
A15: Blocked | B15: =COUNTIF('Bug Report'!$I$2:$I$300,"Blocked") -> 0
A16: Ready to Test | B16: =COUNTIF('Bug Report'!$I$2:$I$300,"Ready to Test") -> 0
A17: Completed | B17: =COUNTIF('Bug Report'!$I$2:$I$300,"Completed") -> 0
A19: Angka dihitung otomatis dari sheet 'Bug Report'.
